nb_chemin,nombre_de_generation,distance,temps_mis_execution
21,60,11645.53329678043,25988695
21,60,12391.262010439636,20015846
21,60,13595.526011425547,21152157
21,60,10991.6049053439,18698391
21,60,13687.926467702337,17968165
21,60,14202.135668821242,18478965
21,60,14085.017129092383,16929598
21,60,13150.58730405489,17085920
21,60,14097.49851664307,17689870
21,60,13698.509832028878,17411528
21,60,13790.901064733638,16889767
21,60,11595.044255723025,16966880
21,60,14243.196954221792,19948002
21,60,14047.043535145593,17647695
21,60,12102.233526497448,24236289
21,60,13767.99112585118,22658384
21,60,14216.610691030486,22593169
21,60,13571.611325686132,20823017
21,60,13445.370659416109,19527665
21,60,13610.686029599965,19683781
21,60,13155.978263062298,18645621
21,60,13862.20167049368,16804016
21,60,13836.477697556977,16299385
21,60,14270.31521004419,16184546
21,60,12875.876063242657,16859882
21,60,13938.39698118592,15942435
21,60,14174.560088713803,17029670
21,60,14134.60454865876,17260265
21,60,13295.748091399717,17939694
21,60,14273.685481388151,17703320
21,60,12608.604567764842,17198289
21,60,13436.079285168757,16147844
21,60,12589.862158703501,16056671
21,60,13251.167415918191,17043253
21,60,14064.417926135677,18555886
21,60,13226.850113096794,18263116
21,60,13952.04683091916,19502176
21,60,13459.313866399882,21291818
21,60,14236.534762927873,17993163
21,60,14728.965490670327,16647697
21,120,13087.44325640408,33726542
21,120,12953.894035184676,33088581
21,120,12815.765004259842,32864664
21,120,13405.486718295639,31874950
21,120,13257.727779194924,32880604
21,120,12793.552169832039,37180059
21,120,13204.072991007883,38548633
21,120,13045.389746083885,37018719
21,120,13412.428979394826,32162277
21,120,12155.063125308472,31995278
21,120,12729.061785550906,33286940
21,120,12908.915165683602,33186973
21,120,11850.370053494446,32484748
21,120,11953.51748356241,34981858
21,120,12621.8341783714,38884487
21,120,13032.874196048497,35532912
21,120,13105.128833250408,33253362
21,120,13025.268759260027,32527948
21,120,13158.315420359328,31848175
21,120,12840.066409305393,33590788
21,120,12626.710984808766,31900250
21,120,12679.72883543805,31998994
21,120,11902.35412400602,34463513
21,120,12082.841829785386,36951534
21,120,13708.76619608683,45728358
21,120,13101.258226493075,35400793
21,120,14049.85778595124,32128464
21,120,12942.439315667303,33544587
21,120,12514.263522221967,34348738
21,120,13559.076867002617,32908059
21,120,12316.376555543551,31303850
21,120,12933.182503625698,32263285
21,120,12816.157042296209,34083055
21,120,11814.009672210816,37268888
21,120,12518.528082909315,53997724
21,120,12057.65440764201,41310507
21,120,12932.397480399664,35252683
21,120,12687.575115776217,33664928
21,120,12808.13685733582,33720058
21,120,13200.641023778731,32688573
21,500,12697.015936035088,145877430
21,500,11808.750043949709,144961222
21,500,12872.722582887634,141949148
21,500,12337.438223575904,150259142
21,500,12229.57236793747,139619195
21,500,11889.892774176416,133130441
21,500,12419.791194401412,142649589
21,500,11129.905127743912,142388441
21,500,11695.397352954875,139842695
21,500,12186.844370096966,135417981
21,500,11988.730758124493,141200811
21,500,10818.264978787081,134732642
21,500,11615.52987675723,133100756
21,500,11892.621087832831,131591712
21,500,12356.190256061622,136095085
21,500,12880.619658100637,140162292
21,500,11094.131296522804,135136122
21,500,11980.24300791864,133082163
21,500,11394.090596454305,130475036
21,500,11731.097323161313,133672107
21,500,11108.337439093946,141276389
21,500,12086.47635080007,136235424
21,500,13131.988124692838,141868758
21,500,11319.651827162701,141757724
21,500,12009.103257464718,137721925
21,500,12026.953150628618,141818784
21,500,12402.770981744074,125483953
21,500,11550.442776302261,130908313
21,500,13019.183199282657,127850483
21,500,12302.079054123742,127252225
21,500,11167.064715757388,128938170
21,500,12593.289612648558,137869107
21,500,11400.53741998392,137254644
21,500,10569.368396509688,138187134
21,500,12350.643385683697,137775100
21,500,11565.776199857824,139471135
21,500,12743.239826895533,152311899
21,500,12296.141793819665,129138280
21,500,10418.486736594707,127918026
21,500,12066.01888479752,127242783
21,1000,11321.018282295348,279339938
21,1000,11990.887076645218,269988576
21,1000,10855.664268482436,272196853
21,1000,11590.195560891838,280118967
21,1000,12112.964226003785,282781317
21,1000,11086.369801438399,255497479
21,1000,12123.865930662085,258954894
21,1000,11592.95861193509,273959064
21,1000,12293.743418367252,306608602
21,1000,10626.584409213108,279019849
21,1000,11682.310660712583,282080550
21,1000,12668.344356981825,274946415
21,1000,12342.001634237677,277293167
21,1000,11105.965523777464,277307553
21,1000,12010.560841009063,295396750
21,1000,11758.03605454091,287133681
21,1000,11656.632068758,281769621
21,1000,10447.446866503176,253981958
21,1000,12645.267745758645,251369249
21,1000,12178.681550730722,250114160
21,1000,11805.204788285722,251617847
21,1000,11708.619451127845,249966057
21,1000,11983.679471300713,248788006
21,1000,12446.560242409361,266466473
21,1000,11453.343497296495,252578926
21,1000,11003.65671677365,248495845
21,1000,11571.260200793133,247943613
21,1000,11731.481029711345,256383522
21,1000,12359.380746991275,259638343
21,1000,11195.333261170026,248990919
21,1000,11383.81905238308,255501176
21,1000,11824.719881537927,260968814
21,1000,12162.66638825076,268350729
21,1000,12007.461690762222,259023216
21,1000,11866.159292382923,276000137
21,1000,11564.179623793072,257229567
21,1000,11987.295872259496,273416057
21,1000,11998.179308951048,292795272
21,1000,12552.507480975177,251949410
21,1000,12334.024250869556,251453307
30,60,13465.68420458801,21921587
30,60,12075.463306205203,21260565
30,60,10955.35489705007,22706525
30,60,13152.892753157254,22139346
30,60,12556.165800249371,21315422
30,60,12953.634081742704,20843534
30,60,12962.176209141046,21481466
30,60,11956.931347693826,21137505
30,60,14015.264708217053,21538473
30,60,11568.788116143389,21059478
30,60,13799.407959355516,21285463
30,60,12859.730922661132,21285527
30,60,10928.15105685123,21432434
30,60,12856.369215808314,21741400
30,60,12584.358563450787,20869000
30,60,12570.788753761604,21019317
30,60,12468.771100103553,21414436
30,60,13640.31509134219,21329297
30,60,13286.469542592764,21525754
30,60,11605.525678249784,20821966
30,60,13397.170847492236,21066881
30,60,12776.613458462756,21202276
30,60,11763.065989825442,21826380
30,60,13991.801520512465,21267574
30,60,12917.86633502172,21238618
30,60,12072.215204000524,20961147
30,60,13519.560624907139,21293799
30,60,11639.303883049346,21706496
30,60,13412.094779222658,21057882
30,60,11766.345330832355,20996306
30,60,12615.153937978272,20773219
30,60,14090.789204273027,21503159
30,60,13570.264517470177,21312815
30,60,13345.758076574282,22165796
30,60,12738.839325648176,21224953
30,60,11911.16508954686,21045196
30,60,12053.27790924347,21566496
30,60,10297.404355565484,23225736
30,60,12679.752508058547,24541010
30,60,12900.012304621623,22212561
30,120,11625.045350865856,42807525
30,120,11344.690911453015,43825033
30,120,11205.494710342151,45240989
30,120,11705.595448402693,42696525
30,120,12290.399871650448,41684825
30,120,12610.132719916242,44399518
30,120,11577.722793042305,46396372
30,120,11666.473948051062,42157131
30,120,12177.381763947382,41424828
30,120,10640.807641245981,41233558
30,120,12029.817289466215,41237877
30,120,11545.178157822109,41063299
30,120,9898.34853381586,43761761
30,120,11269.40347163141,42977411
30,120,13364.482909961858,41807812
30,120,11815.89995513561,41465484
30,120,10803.24580764181,41880899
30,120,12556.336345981845,41982218
30,120,12511.693867622278,41780643
30,120,12833.70887565,43186978
30,120,13724.742990318095,41326824
30,120,12078.984931848738,48082753
30,120,11761.157517495369,47351196
30,120,12206.438677050563,47355464
30,120,11366.556619482993,46294922
30,120,12024.560621804469,47562147
30,120,13307.704107616786,47215366
30,120,10931.440288446962,47775827
30,120,12629.397771106138,46911184
30,120,13275.243923135014,47219149
30,120,12678.799347370463,44936726
30,120,12494.457628197042,42999494
30,120,11809.882172945321,45206687
30,120,12344.445613370759,45323290
30,120,12486.798854888779,45507658
30,120,11407.876273604568,44568370
30,120,12428.560429540605,42987860
30,120,12445.976444631637,44545020
30,120,13746.245911557027,43042199
30,120,11116.585497965336,41425467
30,500,11083.479165657896,179704774
30,500,11059.097458311819,178149875
30,500,11496.259668150979,178374975
30,500,10926.989613332535,176205784
30,500,11907.350935577488,180824321
30,500,11480.521358424046,189325366
30,500,11539.093764465002,182989056
30,500,10788.996711789983,196465798
30,500,11645.72690436225,196950825
30,500,11286.481938855142,183235558
30,500,11680.246872307878,184116401
30,500,10523.153720841801,194108087
30,500,11424.446022032376,185689693
30,500,12488.270495130031,181033302
30,500,12207.736630054611,196059811
30,500,11334.944545506807,188152338
30,500,11329.72183979648,198887592
30,500,11233.410749141483,198209532
30,500,10638.090841592948,196050299
30,500,11852.323994135792,194236514
30,500,11440.452454871656,184119197
30,500,11696.268378210576,180179798
30,500,11329.56401941755,179939793
30,500,11285.758042823334,190179065
30,500,11118.99598523291,191679681
30,500,10915.816463704874,186322771
30,500,11944.346073695311,178560936
30,500,11251.049227967651,182096135
30,500,11712.883495401682,185104698
30,500,11362.19229319542,190218240
30,500,11850.473736162474,178614286
30,500,10447.02731565302,188431273
30,500,10945.437246377573,194437537
30,500,10706.675674745613,189172366
30,500,10344.377754209549,194826938
30,500,11056.74554588534,185049593
30,500,11635.696296479982,190475044
30,500,9903.75805130312,189126549
30,500,10952.699896267377,182887827
30,500,11326.052717463264,200794581
30,1000,10506.187938968866,413344875
30,1000,10999.335588955713,385832276
30,1000,10694.692182733983,358848462
30,1000,10362.396185384969,349156605
30,1000,11209.098261730649,362208223
30,1000,10574.727072655354,358549726
30,1000,11367.58093230386,351661119
30,1000,10349.09228118561,350023261
30,1000,11374.840590510797,350122161
30,1000,10595.17137090462,347128384
30,1000,11284.403971067251,353819164
30,1000,9603.874698565063,364936890
30,1000,11883.697087895025,354897287
30,1000,11003.495344539431,366026052
30,1000,9562.11958582399,359735307
30,1000,10014.559554253263,350396426
30,1000,10915.214337653662,376208596
30,1000,11346.13847310967,374691405
30,1000,11298.132371598918,379966778
30,1000,10359.939103845532,371553356
30,1000,9847.204389557644,375298668
30,1000,10702.424015580613,366786801
30,1000,11036.599892386617,372587193
30,1000,10603.378490065468,395802866
30,1000,10050.96094548135,366560746
30,1000,10713.65571466039,375851721
30,1000,10438.9264835492,372881561
30,1000,11042.474332064183,370833498
30,1000,10873.159185273254,367464216
30,1000,11507.535195721028,366290911
30,1000,11296.696575101305,397541849
30,1000,10398.522705647423,395327919
30,1000,11185.192762131695,366567282
30,1000,11222.868807543282,369391225
30,1000,10186.98053461778,361388166
30,1000,10981.785317196156,352002157
30,1000,11233.679204464737,352360734
30,1000,10811.73566307524,351515045
30,1000,9980.607169431942,349624807
30,1000,11079.63032489652,397556412
60,60,11914.604883297574,47312407
60,60,11923.731662903303,47605069
60,60,10082.486858350097,50185018
60,60,11938.417348762332,51552170
60,60,11922.833739323432,50420921
60,60,10909.368810167145,48009141
60,60,11671.795391955488,45739048
60,60,11805.133204854377,45826192
60,60,11841.814628769838,43223821
60,60,11541.569893925564,42674718
60,60,11372.724544001454,42582254
60,60,11131.167578344692,43139426
60,60,11003.81950711573,46844659
60,60,11442.780643736785,45971865
60,60,10534.177194500086,48166151
60,60,11957.542042465348,47666676
60,60,11388.168350323216,48018106
60,60,11723.143678651899,49454568
60,60,11957.956062362025,48467369
60,60,11332.048033696083,44275958
60,60,11857.370781079062,46090048
60,60,10714.049188849087,47436111
60,60,11428.956238666906,48675437
60,60,9739.696291649427,47638032
60,60,10515.198498512815,44216292
60,60,11610.818454091816,42261159
60,60,11447.672252847522,45166371
60,60,12490.026272419771,48788464
60,60,10769.564202103147,47455397
60,60,10325.457781107907,54215826
60,60,10628.224952755887,47443417
60,60,12321.96730421165,42956299
60,60,11807.31158123585,42678153
60,60,10381.025666603884,42346011
60,60,10856.46884611698,48184353
60,60,12286.333934339656,48272456
60,60,11140.20341417615,43512468
60,60,11207.896886802675,42950064
60,60,12542.958572719077,42135246
60,60,13522.216439958374,43557049
60,120,10782.903534393467,100057041
60,120,10277.478961095256,99512338
60,120,9541.42490718971,104378579
60,120,10306.315753125768,91614522
60,120,10051.027385626046,88152008
60,120,10914.4957733245,88307183
60,120,10421.609203698514,88969274
60,120,11403.887945675815,103860234
60,120,10562.652194713703,91553611
60,120,11346.855987597408,88668121
60,120,10431.907086095793,88371965
60,120,10762.215263278904,88039583
60,120,11856.140204341085,89168670
60,120,10204.371207675731,95850064
60,120,10735.95839185208,98748575
60,120,10326.498041217168,95593201
60,120,10670.74288677784,87977372
60,120,10752.395445979319,88749218
60,120,10180.794103640563,89768958
60,120,10469.262866759376,88469903
60,120,9914.839929770724,89898829
60,120,10191.443493547791,88530116
60,120,9344.418279672856,92131539
60,120,10055.360426011048,91315509
60,120,10135.224428842565,87817157
60,120,10350.79439930448,88214677
60,120,9785.28145103095,94373704
60,120,9909.205929193478,97964546
60,120,10820.244387254157,96475169
60,120,11096.74052604797,103482866
60,120,10607.42630654225,89411081
60,120,10119.994050810015,96541287
60,120,10690.500280430406,95829021
60,120,10910.707478334867,94708825
60,120,11087.718463794485,100158142
60,120,10015.200577158717,103267091
60,120,10361.552063681642,94026936
60,120,11391.358072865094,95385549
60,120,10257.616512932937,99569603
60,120,10327.832179961346,98938329
60,500,9457.802605746152,374871824
60,500,9480.074079443593,391886732
60,500,9839.650559165377,393966544
60,500,9349.166948234088,361379874
60,500,10039.026327192561,395312031
60,500,9328.699129784552,390248258
60,500,9339.006148518032,393457388
60,500,9842.484535910913,364365742
60,500,9977.721955286748,351242688
60,500,9323.080285982776,351267006
60,500,9265.437290886062,358469378
60,500,9614.98545090183,395207295
60,500,9775.014061037824,383341274
60,500,9807.20122775252,408490695
60,500,9969.309403162672,393487408
60,500,9697.363088733202,373386169
60,500,9714.119030257367,378464333
60,500,9699.84162254468,369636824
60,500,9665.954295599959,400850219
60,500,9967.97989573618,427625532
60,500,9565.48281840699,422672494
60,500,9704.292541908217,399654690
60,500,9713.109169641433,408725861
60,500,9580.608785446235,440229378
60,500,9125.513537820565,417761058
60,500,9531.750560671666,427364159
60,500,9778.625440977612,382850096
60,500,9364.309466577404,376794827
60,500,9827.124215513473,402033892
60,500,9460.875406464384,390740047
60,500,9660.182697404227,391139487
60,500,9886.463371995767,475009858
60,500,9953.285635005277,435387594
60,500,9841.484414344113,391164474
60,500,9555.18498897972,393386143
60,500,9771.220889478718,408500463
60,500,9981.417791446973,419059883
60,500,9526.611362816515,404695572
60,500,9560.274296331463,394532174
60,500,10013.210367797155,370265423
60,1000,9456.91951053725,824413361
60,1000,9155.990295578482,775776866
60,1000,9372.09553092198,817449395
60,1000,9689.693152338394,774445961
60,1000,9094.706667863436,826098512
60,1000,9480.45277328372,866306852
60,1000,9486.190019149462,792288979
60,1000,9709.324392944129,775193235
60,1000,9578.0559980795,805334078
60,1000,9908.727369581982,791373745
60,1000,9264.176823156846,739505786
60,1000,9074.173950125627,756307202
60,1000,9072.547479137527,818802592
60,1000,9251.013533584393,821744047
60,1000,9639.496251794415,781289938
60,1000,9534.02520599071,802221180
60,1000,9610.91777127581,811159475
60,1000,9515.199213427379,786800626
60,1000,9616.186757754665,809679615
60,1000,9459.9866722079,772229690
60,1000,10022.204948026476,799828966
60,1000,9192.956407972992,778893958
60,1000,9399.83421757409,758728252
60,1000,9659.881490463735,762372261
60,1000,9159.121574036442,726557895
60,1000,9980.629006144976,733055444
60,1000,9540.86285526443,787833579
60,1000,9296.666065505868,782115076
60,1000,9656.848688883205,771844586
60,1000,9505.636186454158,775838356
60,1000,10105.982802445866,825284566
60,1000,9454.753312048566,747144744
60,1000,9530.838331758872,765729796
60,1000,9243.843698917135,755165738
60,1000,9663.72418485819,833313071
60,1000,9514.092116574368,816502957
60,1000,9435.16310393407,792843681
60,1000,9237.883187670706,824710921
60,1000,9372.87943157986,819109876
60,1000,9477.697504273216,820238918
90,60,10165.838917562476,72255353
90,60,10109.72872271668,69563692
90,60,11460.519772677973,70168413
90,60,10839.997218296925,69830848
90,60,10355.756254081005,68033083
90,60,10771.411689115126,68471891
90,60,10409.363606840017,67733745
90,60,10182.199535907124,71650731
90,60,11673.033658302635,69634077
90,60,10089.106775740407,68849750
90,60,10700.154400076332,69778070
90,60,10748.053736446822,71719237
90,60,11892.18952842554,74794173
90,60,11709.224787666424,71385188
90,60,11821.81206065462,70314878
90,60,9866.007747309846,68897481
90,60,9919.598167312783,69154221
90,60,11137.614841467006,82643088
90,60,10636.54380246985,73005866
90,60,10168.644696595049,82148252
90,60,10678.41323102009,74581992
90,60,11042.289165567341,75628562
90,60,10358.90106134957,69756063
90,60,10189.972835803019,71374103
90,60,10692.656185034219,71452751
90,60,10414.762880748676,68647187
90,60,9317.27218281128,68915857
90,60,10159.798851966181,77854656
90,60,11785.618947445522,72323972
90,60,10642.24432392257,79185231
90,60,9753.367948925754,101937156
90,60,10149.051018392352,72287246
90,60,9715.736988634142,71957953
90,60,10707.89949170079,76569519
90,60,10076.705193354626,76877953
90,60,9879.285986000918,76506553
90,60,10080.988345480844,73613255
90,60,10382.671976551102,72315065
90,60,10618.121999571422,71234222
90,60,9865.273316497212,78396097
90,120,10478.139464592194,146649416
90,120,9340.787893121864,147471614
90,120,9607.025801610851,139819088
90,120,9613.399194725316,131099890
90,120,8937.218214618937,131597343
90,120,9878.384654680098,130790210
90,120,9903.827206011478,134449836
90,120,10035.669137350023,130170148
90,120,10232.775271621851,130995440
90,120,9637.766510882488,136463847
90,120,10292.073493200774,141866217
90,120,10692.135535836904,148532739
90,120,10843.023172209536,143370434
90,120,10258.711751834659,150692830
90,120,11477.864839626074,158256374
90,120,9879.26666274665,157257772
90,120,10037.8525917642,165363952
90,120,9732.546518336447,166327714
90,120,9832.986263759683,170743921
90,120,9748.679311208904,149717070
90,120,10177.772303953998,149164904
90,120,10690.969325721051,144023167
90,120,9680.08040078859,150539789
90,120,9317.501906209844,140126118
90,120,9428.42160495891,157365833
90,120,10161.943125548782,141116531
90,120,9555.032472319093,149640688
90,120,10048.25352638842,151963984
90,120,9719.502112199443,146012007
90,120,10606.25720118475,141198703
90,120,9251.293431470856,141872213
90,120,9486.242297106248,140745131
90,120,10689.98262136364,146315095
90,120,10313.161119054828,155324298
90,120,10994.256542735844,180872913
90,120,9928.959398358134,157950767
90,120,10149.97214632664,150141285
90,120,10578.994205785371,145423408
90,120,9622.94289109733,153148013
90,120,9338.98067873557,131410661
90,500,9661.550732754957,570800869
90,500,9335.977890238079,543607227
90,500,9037.877012403438,563712492
90,500,9357.662006734941,567524517
90,500,8973.38330844192,564618842
90,500,9282.505829278733,575964029
90,500,8795.05165250203,528851888
90,500,9391.312136621244,541478515
90,500,9129.397337002638,527625176
90,500,9155.004127237895,526511296
90,500,8804.722447419077,524484813
90,500,9910.493212433455,553642179
90,500,9382.543292555176,573799806
90,500,9358.161084227477,564783852
90,500,9525.107882195509,572106460
90,500,9309.614102141977,594460261
90,500,9306.138442480786,580066190
90,500,9721.543804637595,549689780
90,500,8712.268496217966,633270945
90,500,9117.20680175176,572739136
90,500,9535.362060373755,561139690
90,500,9451.867326521451,562684043
90,500,9168.765622438295,563893025
90,500,9535.663148734899,553542627
90,500,9624.82621695596,562802978
90,500,8936.724129897808,567790667
90,500,9305.928385002293,529228951
90,500,9462.63351623457,542987667
90,500,9562.776158696306,538854200
90,500,9289.351218757516,525304124
90,500,8984.549972908188,526004081
90,500,9196.586137673561,568207148
90,500,9393.85603847402,575975585
90,500,9673.272358306134,525550980
90,500,8673.552860873056,529541382
90,500,9335.585417127713,603011988
90,500,9292.228953296928,626380191
90,500,9306.293548467158,600344911
90,500,9578.892612143487,629932936
90,500,9352.654669481577,631941521
90,1000,8949.63768075963,1191486207
90,1000,8812.491358749816,1230770729
90,1000,9255.517385049834,1236653957
90,1000,8959.167699683258,1151159676
90,1000,9435.78038226824,1271495241
90,1000,9128.400372359758,1213761327
90,1000,9231.125385393172,1204185943
90,1000,8892.60856584689,1253584188
90,1000,9252.389576522235,1285028963
90,1000,8795.789957968786,1257111121
90,1000,9269.734724445849,1223599916
90,1000,8965.031522658426,1222748507
90,1000,8490.547980596006,1176845579
90,1000,9347.725612469074,1144570024
90,1000,9164.386784731818,1138561864
90,1000,9598.265177678912,1155700206
90,1000,8548.708152420577,1130438151
90,1000,9133.442780733141,1141098793
90,1000,8980.205388867822,1133385322
90,1000,8962.587946166112,1124865586
90,1000,8998.164513564745,1141758133
90,1000,9074.71456420152,1133275666
90,1000,9132.5353160771,1123856063
90,1000,8955.889323850643,1126578768
90,1000,9218.18622136074,1124732990
90,1000,8780.326148596921,1119435464
90,1000,8852.792186442546,1139306038
90,1000,9131.067213858252,1218584388
90,1000,8957.539416412406,1123369143
90,1000,8879.804218065818,1127874693
90,1000,9046.026868631023,1153926851
90,1000,9121.164885581864,1336962103
90,1000,9331.646387337056,1199510157
90,1000,9036.594784076402,1176469361
90,1000,9037.37227910504,1176272216
90,1000,9535.073119120705,1142014170
90,1000,9189.554703224261,1124186135
90,1000,9276.31325252016,1129327175
90,1000,9273.700940522083,1175771565
90,1000,8956.895403669803,1287211319
120,60,11485.676532859268,96253936
120,60,9939.045774973623,94563710
120,60,10891.59233136835,114843800
120,60,9165.100899242418,95838734
120,60,10545.759614595238,97019088
120,60,10277.394964334448,111432947
120,60,10445.889737000896,98187277
120,60,9421.477050983714,103538212
120,60,9954.466584547137,143536111
120,60,11125.900211631062,114241698
120,60,9837.434922861512,114367265
120,60,10895.896958467034,105531505
120,60,9538.262467418304,96578169
120,60,9658.456645049642,94273898
120,60,9946.821890288038,94480936
120,60,10986.287768865544,96232777
120,60,9150.7755373871,95322697
120,60,10284.774818391787,94287113
120,60,9841.284177400968,93981017
120,60,10625.916884991437,95028006
120,60,9937.118745752721,93769170
120,60,10442.41148457697,97348972
120,60,10240.537939600912,93514174
120,60,10127.621000775382,94834013
120,60,10202.524836564486,102816816
120,60,9530.996452164616,114246482
120,60,10610.386055599685,120315170
120,60,10085.691324855508,102980196
120,60,12238.897623450479,107242177
120,60,10105.496734200622,103359214
120,60,10453.47553219832,98710744
120,60,10306.205687762,98947172
120,60,9683.216666648212,96298390
120,60,10469.559057144743,103991871
120,60,10054.713150652029,100184389
120,60,9691.342855971063,109487322
120,60,9880.176885472274,95280672
120,60,9491.701263078194,98389026
120,60,10082.355064856736,94215440
120,60,9207.73188891241,96974939
120,120,9185.611544977985,201071408
120,120,9800.329586889831,219084242
120,120,10365.386398371393,187323596
120,120,9677.702409157453,185900041
120,120,9677.164017185627,185833906
120,120,9699.792319912242,192002036
120,120,9693.960639428005,199775507
120,120,9055.176465077588,195710956
120,120,9626.92698672099,186764872
120,120,9530.421659578535,199938191
120,120,9000.72233827127,192791482
120,120,9272.989428823883,190831980
120,120,10025.853443196,183863584
120,120,10100.724820031044,198206054
120,120,8882.454185393237,196532134
120,120,9580.773009799672,193768330
120,120,9074.39016536235,198466182
120,120,9583.634494407865,199624827
120,120,9686.36109010286,199817185
120,120,9586.878178948364,201358306
120,120,10133.424509756549,201719371
120,120,9319.118200788937,196143688
120,120,10592.361029987665,222754034
120,120,9848.499940179752,200379313
120,120,9377.853229631712,200453275
120,120,9803.435711051034,200724177
120,120,9186.661104773531,227105733
120,120,9222.74464111926,198801968
120,120,10256.556749250793,224298265
120,120,9209.220370965611,197773269
120,120,9232.974844009394,214115213
120,120,9908.160920865099,201259563
120,120,9766.105258201273,192495891
120,120,9604.720062915563,206089368
120,120,10613.286038825103,199647776
120,120,9338.193566067337,192102732
120,120,9312.21421966889,197068924
120,120,9920.346604153267,203954681
120,120,9757.1159052021,220004975
120,120,10053.135017673952,212729525
120,500,9096.334483169685,791494090
120,500,9426.38532606022,825551745
120,500,9291.899495877618,766498968
120,500,8730.064858908347,741549897
120,500,8964.523583082904,770232117
120,500,9040.502729860696,724070359
120,500,8847.783139871852,757887045
120,500,9278.829672637015,738829229
120,500,8969.342413141412,773952319
120,500,9604.636629928757,836053556
120,500,9265.015269163972,770948925
120,500,9037.673864563061,771066087
120,500,8629.056532046448,819439074
120,500,9547.011093336354,839844378
120,500,9114.103717003713,784585622
120,500,9297.827468858524,758066992
120,500,9105.119245594497,757700844
120,500,8723.543793433819,939506078
120,500,9240.168999169662,889373503
120,500,8989.42458105786,772622711
120,500,8837.100876678072,749392591
120,500,9045.037201518559,794912694
120,500,8862.14313448675,776369715
120,500,9039.87617445853,777209595
120,500,9050.970140494746,728733738
120,500,9140.083944348908,735970101
120,500,9019.996242368634,807038100
120,500,9262.630649666065,734877102
120,500,9199.452472894762,776306168
120,500,9633.923161827615,748357557
120,500,9175.38590860473,712586150
120,500,9097.547690238971,692223123
120,500,8689.061828089278,736062267
120,500,9483.569503816927,761689602
120,500,8934.687261536707,701581632
120,500,9174.185187752604,695947746
120,500,9434.365265648858,694132513
120,500,9081.43159404315,702872330
120,500,9130.722294894042,706343602
120,500,9533.322801998753,701307374
120,1000,8920.02977114661,1504167094
120,1000,8924.075190520252,1545518947
120,1000,8794.845422303408,1477612224
120,1000,9053.0982316466,1422766899
120,1000,9166.195476558696,1421226378
120,1000,8981.28809987968,1400251016
120,1000,9148.235076203351,1389779967
120,1000,8954.418103812186,1407718819
120,1000,8918.632789944548,1387667909
120,1000,8863.388294042103,1544688544
120,1000,8936.523063921275,1484009303
120,1000,9218.949345504003,1420756131
120,1000,8955.040044649873,1397668617
120,1000,8990.397368635235,1412842766
120,1000,8846.2689608586,1441207183
120,1000,9110.408054219724,1490252048
120,1000,9064.259337407473,1463223709
120,1000,8848.77614571303,1415325453
120,1000,9143.890506494346,1481014470
120,1000,9350.024898952392,1458423125
120,1000,8912.535411252617,1579739198
120,1000,9012.463298802775,1624278989
120,1000,8802.634878223116,1540767354
120,1000,9056.113523901751,1523010889
120,1000,9041.804428712241,1519415081
120,1000,8876.805360143331,1618070020
120,1000,9079.41818019625,1425205922
120,1000,9016.108732222223,1398947651
120,1000,8822.55099154607,1490047265
120,1000,8755.926174844213,1613118499
120,1000,8955.735626041238,1540219067
120,1000,8953.45255242817,1458836792
120,1000,8879.721901424047,1458238358
120,1000,8849.332396620981,1503030863
120,1000,9184.75278384779,1481153127
120,1000,8737.483946364491,1490206182
120,1000,8800.134317976841,1486254082
120,1000,9176.037052189433,1544475393
120,1000,9063.279561899199,1526194157
120,1000,8983.35940081834,1454647106
150,60,10182.242676122187,114325765
150,60,9893.470654738647,111804455
150,60,9896.80350574507,113507039
150,60,11399.260026240403,119887607
150,60,10010.657862819324,111351562
150,60,10037.525198040767,116265934
150,60,10591.16509883416,119226108
150,60,8893.116021662037,115729631
150,60,10179.632382651584,110414789
150,60,10925.952674864875,114266242
150,60,9504.078703654812,115332084
150,60,9559.581737676437,118686662
150,60,10227.304749585193,122062559
150,60,10464.232918755337,114997791
150,60,8673.748220022111,111397457
150,60,10128.523278456305,111748298
150,60,9542.857802753433,114794752
150,60,9631.263094549056,121753912
150,60,9956.776656159438,119882688
150,60,10289.757906667535,119491481
150,60,9577.316450069517,115544311
150,60,11612.671164137773,112947781
150,60,9882.088190192588,114690120
150,60,11127.015282262482,113639906
150,60,9713.182067710395,115329143
150,60,9902.732603871029,112541103
150,60,10173.543317208894,113861767
150,60,10159.232334830065,110636814
150,60,10393.286614284552,136611919
150,60,10754.705780764994,122538635
150,60,10009.518781048413,137816110
150,60,11708.098856746557,117663247
150,60,9345.634122367666,119020340
150,60,10801.159170596702,115624835
150,60,9755.983704039272,117041473
150,60,10040.91717977253,116189833
150,60,9420.006853790062,116558912
150,60,9823.520482499067,116343517
150,60,10100.534808627955,117115997
150,60,11212.513874059945,113072236
150,120,9651.861106437584,237737576
150,120,9863.029994834184,238528545
150,120,9193.259845911567,221599196
150,120,9313.495359655666,223688982
150,120,9876.632303710721,216162802
150,120,9333.074788526585,215964442
150,120,9763.996284052984,214543810
150,120,9443.646086530622,215101194
150,120,9098.312266921936,217531787
150,120,9623.27697770839,221931164
150,120,9718.964257792859,227653453
150,120,9718.80306346092,224979146
150,120,9387.165581065045,223549807
150,120,9587.239654741037,223955055
150,120,9233.556052344706,223723817
150,120,9872.250266558289,224532877
150,120,10121.041611915258,222385997
150,120,10200.983964999032,227803657
150,120,9262.604478984564,263516834
150,120,9572.263756767434,254965694
150,120,9513.588812707552,238644374
150,120,9503.215631050596,246185511
150,120,9252.85918877371,215514760
150,120,9271.69573957408,234751493
150,120,9876.29000672645,229060844
150,120,9613.568872433289,228465120
150,120,9794.941533049077,214587676
150,120,9692.806322503537,216780372
150,120,9280.363866065922,229436841
150,120,9377.373944496792,246250834
150,120,9251.908527220976,217472173
150,120,9695.632381757241,225118201
150,120,9377.674025132936,256058445
150,120,9433.952957301124,230734539
150,120,9776.688123433829,231613125
150,120,9655.434645642597,219107909
150,120,10843.772039504967,216103636
150,120,9399.080997004057,214145251
150,120,10224.0170575891,215208048
150,120,9531.920156582228,214292527
150,500,9028.32698784219,874859334
150,500,8602.011712117588,1009166409
150,500,8988.483578154883,1051810211
150,500,9160.968144002081,1104661373
150,500,9146.34943881604,938684982
150,500,9169.577365822777,1025022512
150,500,8964.446803840096,978246322
150,500,9270.854580221358,1001927073
150,500,8768.613432616337,997760643
150,500,9246.96984847478,930320544
150,500,8987.478949398668,936538715
150,500,9010.106365556434,950397101
150,500,8906.412944845233,959811832
150,500,8790.71658987139,943285873
150,500,9040.266656871054,934799301
150,500,9247.715462962562,963657942
150,500,8806.463809261882,949775788
150,500,8839.23280514214,939322071
150,500,9148.235076203351,962776991
150,500,9011.654059490662,1030395229
150,500,9276.812997151132,995547519
150,500,9529.002824445619,1005549391
150,500,8723.63546286054,998857772
150,500,9170.322235018895,1039831317
150,500,8789.327100578152,1089596462
150,500,9105.346407996973,1017084116
150,500,9144.40710706049,1078746353
150,500,9193.987440452001,1054773380
150,500,8638.978969898522,1036475802
150,500,9168.488471428602,1021239868
150,500,9147.940928565657,1031274102
150,500,8947.224815728707,1022359485
150,500,9291.530437957901,987825846
150,500,9308.756173659116,1025271287
150,500,9390.025869587982,1062703934
150,500,9004.0668378035,1008290223
150,500,9136.466744517984,980366564
150,500,8928.13082150791,979766250
150,500,9117.505685674412,940238998
150,500,8953.716016378214,916512347
150,1000,8669.319449711405,1872154258
150,1000,9243.289445373737,1868574652
150,1000,8696.961421561624,1834012709
150,1000,8768.2462600896,1885643744
150,1000,8981.939170215412,1836235895
150,1000,9189.158733893344,1888246739
150,1000,8906.838722150354,1896340654
150,1000,8942.742604285388,1874631129
150,1000,8835.33321268938,1900390897
150,1000,8649.554817988439,1874757606
150,1000,8439.649362047723,1886721864
150,1000,8945.40100122591,1866857820
150,1000,8939.434411231277,1871027056
150,1000,8741.912856503473,1896078450
150,1000,8889.580910758548,1907098058
150,1000,9081.42376632413,1914164752
150,1000,8679.050083700964,1907009104
150,1000,8933.888888139923,1893842911
150,1000,8964.116287478959,1907418406
150,1000,8917.701846631438,1910731480
150,1000,8466.954444779278,1902977883
150,1000,8906.27425690143,1921762645
150,1000,8597.103666475428,1902211995
150,1000,8511.716642944337,2121100809
150,1000,8711.787951378445,2088151891
150,1000,9011.654059490662,1903285508
150,1000,8740.653036531916,1901020115
150,1000,8987.478949398668,1881175264
150,1000,8743.547220245757,1912983522
150,1000,8786.857809626104,1922090891
150,1000,8707.94726149564,1977698155
150,1000,8973.454224120182,2043889587
150,1000,9248.788805607062,1965266280
150,1000,9055.269711452871,1900158933
150,1000,9160.160232866801,1869002213
150,1000,8722.468506930065,1744131662
150,1000,8662.095795780988,1798008932
150,1000,8809.898203478384,1789715725
150,1000,9145.11538009973,1715839214
150,1000,8813.178291799375,1722893071
210,60,9537.710090682056,168065390
210,60,9477.08791380704,189410132
210,60,9041.804428712241,169594046
210,60,9511.345266091648,160536445
210,60,9988.973940944754,154867013
210,60,9535.973385161033,165310530
210,60,9599.677126188411,168340679
210,60,9227.327139894718,167131117
210,60,9779.07341153066,169691857
210,60,9505.063571281016,157648072
210,60,10303.094479272622,152651960
210,60,9988.109513186779,173308267
210,60,9947.088729270416,167004165
210,60,10233.764469731008,154267854
210,60,9338.06391530828,154865571
210,60,10709.875413672487,156931878
210,60,10203.634563249825,155506753
210,60,9395.760726225559,153599016
210,60,9514.991709171845,154887238
210,60,9943.993239026728,162610517
210,60,10366.439330164487,154215565
210,60,9624.709518889586,164673776
210,60,9297.821633980182,172364055
210,60,9689.796098663659,151259530
210,60,9987.18557869387,152180691
210,60,9523.618259409468,155009759
210,60,10134.366347934118,155380602
210,60,9554.93106635579,155862919
210,60,9164.288804771517,153449323
210,60,9320.440386019069,167946257
210,60,9633.470230903302,162768949
210,60,9882.216435954297,154231975
210,60,9725.019534516225,153474764
210,60,10441.838812969154,154454370
210,60,9427.966683050254,153995743
210,60,9532.964281707256,155727728
210,60,10106.804754505563,162719082
210,60,9683.680782847257,155862808
210,60,8870.623240637029,155201687
210,60,9697.86831163126,158439074
210,120,9175.642546062296,296605571
210,120,9165.703363577519,323788317
210,120,9381.808036172215,301649595
210,120,9104.874279545238,298899632
210,120,9746.379574248484,298526484
210,120,9296.385109903626,296359745
210,120,9528.63442321647,296522009
210,120,9372.793880417523,300195721
210,120,9160.857026316857,296660736
210,120,9469.193601511708,298704207
210,120,9163.353085566256,298888408
210,120,9382.325150174625,318760912
210,120,9254.97755176912,294984636
210,120,9367.619894454312,299402333
210,120,9631.092482612541,298835135
210,120,9214.13229753424,299846504
210,120,9686.310337164408,297642479
210,120,9212.77692658763,300946756
210,120,9519.561045349354,297950975
210,120,8750.788028355591,311025130
210,120,8911.844125306423,348024031
210,120,9244.34653999546,370878385
210,120,9089.769009892352,331771684
210,120,9252.563898126138,319797230
210,120,9228.993264768955,319484113
210,120,9311.663787902895,316343430
210,120,9323.92549369186,318401351
210,120,9468.891008911161,316236218
210,120,9268.736239065352,320895740
210,120,9155.004127237895,317716657
210,120,8969.755701369633,317943297
210,120,9357.321313467737,315114533
210,120,9728.332850031815,321396244
210,120,9337.311994575688,316872553
210,120,9617.643072901428,317251288
210,120,9579.89350364182,314232117
210,120,9440.223877147546,317050802
210,120,9337.837363283694,316905264
210,120,9355.004344334428,314747241
210,120,9236.963081522948,319056193
210,500,8870.313407698912,1304411638
210,500,8944.220947271302,1293727468
210,500,9019.266366369673,1279952938
210,500,9212.133537390047,1199427191
210,500,8909.313132406398,1219522554
210,500,8784.759174149563,1209054227
210,500,9058.65710806706,1207734734
210,500,8912.48084342623,1254527420
210,500,8879.962246887208,1283772973
210,500,8936.97988520372,1275301247
210,500,9201.691345016376,1248394570
210,500,9182.597350795579,1200098595
210,500,8998.368605813677,1211438200
210,500,8894.379537141607,1285692355
210,500,9322.86426801526,1527792576
210,500,8883.093040466143,1560272307
210,500,8775.28050759109,1439680803
210,500,9318.156039084653,1383271582
210,500,8930.325701835758,1362984917
210,500,8810.378758116996,1494618426
210,500,8825.188120370049,1551080856
210,500,9334.467029453874,1495979227
210,500,9084.870999244506,1346227547
210,500,8891.326797360027,1347152882
210,500,9148.235076203351,1341180909
210,500,9223.485854197601,1335541859
210,500,9216.112600281936,1399126696
210,500,8979.823899509283,1377734931
210,500,9346.80444776332,1349115513
210,500,9004.339576199935,1409324611
210,500,9057.900504025496,1405539573
210,500,8784.391373611259,1275906899
210,500,8647.015198620355,1541821343
210,500,9011.654059490662,1528735705
210,500,9079.131487681452,1469049296
210,500,9213.449608008188,1414999151
210,500,9100.893358768617,1275764226
210,500,9240.161206720571,1351383272
210,500,8725.763338419729,1382623313
210,500,8855.933941955418,1366731029
210,1000,9110.000069181995,2489150839
210,1000,8829.634980699557,2528135020
210,1000,8621.389284655366,2470164709
210,1000,8789.545787000427,2572031769
210,1000,8831.059635507901,2596905039
210,1000,8539.720922592565,2592595069
210,1000,8740.653036531916,2487070111
210,1000,8947.224815728707,2488708206
210,1000,8658.317338345274,2499220469
210,1000,8658.170758623157,2461228665
210,1000,8610.23617023822,2403658687
210,1000,8484.042719224914,2418849284
210,1000,8659.471440462397,2595688968
210,1000,8725.207087511775,2973175741
210,1000,8384.512440610855,2771183931
210,1000,8641.082914740706,2451927710
210,1000,8710.968694760997,2553947334
210,1000,9040.502729860696,2556612752
210,1000,8791.331216009712,2449381787
210,1000,8751.19266427209,2436680307
210,1000,8789.327100578152,2613388115
210,1000,8771.495300083692,2596031339
210,1000,8986.402625753368,2616195439
210,1000,8661.19011594831,2590387410
210,1000,8599.824152314528,2625534330
210,1000,8603.041796029087,2591341458
210,1000,9069.717688468876,2623247989
210,1000,8641.082914740706,2587459605
210,1000,8703.13920646058,2531129869
210,1000,8635.512359125329,2603966304
210,1000,8660.247455012626,2614052163
210,1000,8246.621079048511,2466018725
210,1000,9096.401075777745,2466677436
210,1000,8741.912856503473,2436245117
210,1000,8751.743887459725,2456936800
210,1000,8531.113136011792,2436797951
210,1000,8501.091394172267,2458191423
210,1000,8515.281048221368,2439933140
210,1000,9101.05465151714,2468042534
210,1000,9110.438160801452,2455720064
300,60,9079.260114236877,219495662
300,60,8790.101568175653,228104453
300,60,9519.959131865753,218106658
300,60,9931.35709640233,221511310
300,60,9050.245152905723,224038035
300,60,9851.281563888866,229807743
300,60,9708.570235909889,226810867
300,60,9643.307853105041,233762597
300,60,9172.533599118144,232329713
300,60,9525.813294131438,226065356
300,60,9533.531851062142,220608370
300,60,9759.165056493726,219787817
300,60,8981.840464264002,221231939
300,60,9155.169165091998,222384190
300,60,10022.652928405932,223185150
300,60,9285.603953652917,219891822
300,60,10011.4917517916,262330457
300,60,10820.302390250286,225154995
300,60,9002.914126983778,224043172
300,60,9870.515648767254,225536528
300,60,8933.395140161474,225621730
300,60,9796.444376523563,218809354
300,60,9632.40339160507,218689588
300,60,9759.751506491595,220279622
300,60,9040.502729860696,218364412
300,60,9225.110586789113,220215425
300,60,8669.319449711405,218856892
300,60,9581.873522159263,219928591
300,60,9509.356736290867,218914699
300,60,8988.483578154883,218648548
300,60,9958.040468682595,217954568
300,60,9640.157183638043,235976116
300,60,9732.222949260968,223001144
300,60,9662.270529177116,218257559
300,60,9528.361614763719,222403411
300,60,9150.13188232083,220394251
300,60,9508.284288879762,227524876
300,60,9245.550883167052,224679140
300,60,9298.405370563236,219601204
300,60,9762.234051196057,217815106
300,120,9609.060377455413,439200029
300,120,8968.786162233459,446681073
300,120,9182.597350795579,443984720
300,120,8989.42458105786,435967624
300,120,9178.691587467132,448194669
300,120,9485.000363102246,474275278
300,120,9632.199420227775,442552428
300,120,9250.845136888745,468857150
300,120,9166.402208193998,442885438
300,120,8810.79677299699,435956928
300,120,9062.357968153763,427892063
300,120,9833.293231887477,428962349
300,120,9273.909167763559,429682235
300,120,9080.33315771671,510439173
300,120,8960.999206233972,454157319
300,120,9598.899761506149,427139604
300,120,9327.281948495192,429653001
300,120,9530.237426267277,428731072
300,120,8954.895596308494,434939309
300,120,9124.358437229519,425087922
300,120,9249.220283004024,429590002
300,120,8902.149487933923,431924873
300,120,9264.624490229937,427980063
300,120,8852.792186442546,428423002
300,120,9076.561810810426,470284682
300,120,9044.646173102386,440302449
300,120,9547.04165231821,429081907
300,120,9672.187063482334,430104646
300,120,8949.901318909404,427772633
300,120,9332.094617394376,429647324
300,120,8900.738370518153,430475180
300,120,9297.642868395511,430446172
300,120,9445.899170817447,434870477
300,120,8928.13082150791,439198221
300,120,9411.777822856686,437012146
300,120,9867.701514305953,434310481
300,120,9704.96916337875,438504815
300,120,9342.789590465936,435235843
300,120,9106.965459654846,434912178
300,120,8823.954571637323,430209714
300,500,9183.238084534956,1847206650
300,500,9108.238891798575,1806265684
300,500,9238.323472299478,1789411555
300,500,8814.657704775764,1796362355
300,500,8451.993928631475,1776690594
300,500,8927.947018821898,1774608245
300,500,8974.757116018342,1799921320
300,500,8987.927327246929,1780639953
300,500,8781.154410408886,1780196675
300,500,8892.042978182204,1801922763
300,500,8602.761674969572,1762638543
300,500,8638.439094636791,1767107447
300,500,8773.180457824488,1752629426
300,500,8796.07334058709,1749427940
300,500,8960.999206233972,1765790358
300,500,8830.19123160751,1746974129
300,500,8673.989945345153,1749381579
300,500,8712.310442135768,1771353676
300,500,8808.300292174543,1751325837
300,500,8750.652789010357,1753060075
300,500,8995.25620106907,1765872281
300,500,8920.428103841601,1777520640
300,500,8581.077618697876,1740736976
300,500,8788.42302679575,1796324456
300,500,9116.349794811857,1769017137
300,500,8947.224815728707,1743472895
300,500,8684.733167123344,1802059727
300,500,8830.19123160751,1857145122
300,500,8713.864019333636,1764513967
300,500,8846.2689608586,1830270167
300,500,9149.577067474143,1766823589
300,500,8876.891746062807,1762315686
300,500,8938.096570799558,1749778736
300,500,8892.277418547937,1757247245
300,500,8857.603737858792,1753521489
300,500,9160.65375834128,1761712716
300,500,8887.94867078461,1741537654
300,500,8890.34384580599,1778777947
300,500,9090.242355770211,1791275770
300,500,8676.10542062144,1816948876
300,1000,8917.690316986827,3543407093
300,1000,8898.703262903773,3855087672
300,1000,9107.710859499777,3987367828
300,1000,9000.817797809408,4893735549
300,1000,8602.761674969572,4092260749
300,1000,9128.493584037034,4294108508
300,1000,8891.326797360027,4078077955
300,1000,8615.710205149382,4544749827
300,1000,9223.238942006052,3997840380
300,1000,8602.761674969572,3948857334
300,1000,8799.502713616106,4262279166
300,1000,8698.837685971963,4138623692
300,1000,8984.899374270657,4535538754
300,1000,8865.136753026298,4061643765
300,1000,8684.46448368578,4053279728
300,1000,8738.17791925154,4410545050
300,1000,9086.423942100948,3907316019
300,1000,8786.59273289417,3703396621
300,1000,8768.150800551462,4000265019
300,1000,8701.474673854822,4202977369
300,1000,8582.173744867561,4601672932
300,1000,8570.489496294756,3955867221
300,1000,8991.930138647997,4151432041
300,1000,9273.054460562385,4113360125
300,1000,9110.408054219724,3931264533
300,1000,8868.27850853917,4052612529
300,1000,8994.78386077143,3623814493
300,1000,8448.672677172912,3644558627
300,1000,9328.012172790295,3744221543
300,1000,8741.912856503473,3703018200
300,1000,9003.181678209441,4429809459
300,1000,8528.63509205145,4175029470
300,1000,8619.163560340992,3720451313
300,1000,8678.649089701476,4740101177
300,1000,8650.535451069492,3882664711
300,1000,8733.178640039787,4057199032
300,1000,8976.627349499044,4233531029
300,1000,8531.669386919746,4092455762
300,1000,8472.933178600555,4035056979
300,1000,8810.076368063916,4001655212
